Keyword,Category,2020,2021,2022,2023,2024
artificial intelligence,Technology,0.245,0.387,0.521,0.634,0.712
climate change,Environment,-0.623,-0.587,-0.512,-0.445,-0.389
remote work,Workplace,0.134,0.789,0.654,0.423,0.287
cryptocurrency,Finance,0.456,0.823,0.234,-0.123,-0.345
social media,Technology,0.123,-0.067,-0.234,-0.387,-0.456
electric vehicles,Transportation,0.345,0.456,0.567,0.678,0.723
vaccination,Healthcare,-0.234,0.567,0.345,0.123,-0.045
inflation,Economy,-0.123,-0.345,-0.678,-0.789,-0.654
online shopping,Commerce,0.567,0.678,0.589,0.534,0.478
renewable energy,Environment,0.234,0.345,0.456,0.567,0.623
mental health,Healthcare,0.078,0.156,0.234,0.312,0.389
housing market,Real Estate,0.345,0.123,-0.234,-0.456,-0.567
streaming services,Entertainment,0.456,0.378,0.234,0.156,0.089
gig economy,Workplace,0.123,0.045,-0.067,-0.145,-0.234
data privacy,Technology,-0.345,-0.234,-0.123,0.045,0.167